Country Name,Country Code,Indicator Name,Indicator Code,2000,2001,2002,2003,2004,2005,2006,2007,2008,2009,2010,2011,2012,2013,2014
Aruba,ABW,CO2 emissions (metric tons per capita),EN.ATM.CO2E.PC,26.19487524,25.93402441,25.67116178,26.42045209,26.51729342,27.20070778,26.94826047,27.895574,26.23084664,25.91583295,24.67052887,24.5058352,13.15554169,8.351294252,8.408362638
Afghanistan,AFG,CO2 emissions (metric tons per capita),EN.ATM.CO2E.PC,4.03850634,5.039002334,7.048715548,10.0518296,10.03937783,11.05294822,11.06372847,11.08541751,13.15410142,18.24172268,18.29383699,19.41201694,19.35037058,21.31560177,21.29944499
Angola,AGO,CO2 emissions (metric tons per capita),EN.ATM.CO2E.PC,2.580352661,2.573047493,4.720768849,5.497975073,7.996165478,7.979740026,9.098883898,9.197843982,9.181526759,10.23249452,12.24340559,16.25278926,16.33084302,16.25461722,16.29132832
Albania,ALB,CO2 emissions (metric tons per capita),EN.ATM.CO2E.PC,0.978174681,1.053304176,1.229540709,1.412697196,1.376212735,1.412498211,1.302576367,1.322334855,1.484311139,1.495600199,1.578573584,1.803714725,1.692908325,1.749211079,1.978763312
Andorra,AND,CO2 emissions (metric tons per capita),EN.ATM.CO2E.PC,8.019284294,7.786950001,7.590615141,7.315760706,7.358624941,7.299871936,6.746218716,6.519465912,6.427886622,6.121652341,6.122594702,5.867129945,5.916596911,5.900752587,5.832169951
Arab World,ARB,CO2 emissions (metric tons per capita),EN.ATM.CO2E.PC,7.684441272,8.590302965,8.588035581,10.77988901,10.05146517,10.16848626,10.26823987,13.10022627,14.39040143,14.54215145,14.6157582,14.53775524,14.81363073,15.65047417,15.86023383
United Arab Emirates,ARE,CO2 emissions (metric tons per capita),EN.ATM.CO2E.PC,35.67825923,30.49115342,24.15124891,28.55255307,27.70120802,25.36237265,23.63108943,22.43980121,22.82394719,21.90855608,19.44369027,19.07648878,19.81768422,18.95416379,23.30202251
Argentina,ARG,CO2 emissions (metric tons per capita),EN.ATM.CO2E.PC,3.835573665,3.568599866,3.291547735,3.52558427,4.06905838,4.141236814,4.434821452,4.382668884,4.682912395,4.410889894,4.558499612,4.600290699,4.569383676,4.462903755,4.746797455
Armenia,ARM,CO2 emissions (metric tons per capita),EN.ATM.CO2E.PC,1.128918604,1.161167684,1.003201493,1.136138307,1.214751524,1.460030477,1.481177962,1.726570171,1.911537642,1.509411878,1.465621895,1.710070765,1.976060074,1.899711734,1.90275891
American Samoa,ASM,CO2 emissions (metric tons per capita),EN.ATM.CO2E.PC,,,,,,,,,,,,,,,
Antigua and Barbuda,ATG,CO2 emissions (metric tons per capita),EN.ATM.CO2E.PC,4.123971095,4.09566526,4.293313704,4.620874526,4.778147909,4.806998084,4.913644367,5.136472571,5.194500314,5.446757355,5.539567509,5.363407474,5.418446532,5.360453467,5.377648546
Australia,AUS,CO2 emissions (metric tons per capita),EN.ATM.CO2E.PC,17.20060983,16.73336743,17.37045177,16.90195895,17.02651535,17.16971145,17.65139831,17.86526004,18.16087566,18.20018196,17.74084505,17.53887776,17.07290468,16.09583317,15.38876602
Austria,AUT,CO2 emissions (metric tons per capita),EN.ATM.CO2E.PC,7.774259739,8.192769898,8.299115796,8.889562334,8.858363703,9.020169598,8.727297872,8.406418936,8.295095978,7.518751102,8.071131802,7.748134305,7.387077163,7.368748145,6.86986793
Azerbaijan,AZE,CO2 emissions (metric tons per capita),EN.ATM.CO2E.PC,3.666271029,3.547105484,3.623944346,3.718169927,3.863229639,4.091801927,4.616299863,3.5553401,4.051383481,3.565668218,3.388225879,3.646179877,3.82487717,3.785068836,3.931560609
Burundi,BDI,CO2 emissions (metric tons per capita),EN.ATM.CO2E.PC,0.042395011,0.031323575,0.031548442,0.023205146,0.027569697,0.020747407,0.024365963,0.023555045,0.023219419,0.022462399,0.024260032,0.02676196,0.030296973,0.03017577,0.044485376
Belgium,BEL,CO2 emissions (metric tons per capita),EN.ATM.CO2E.PC,11.2296677,11.13371551,10.3854951,10.88211417,10.66129022,10.35539299,10.151039,9.744777191,9.751984809,9.249615685,10.17146522,9.054330011,8.56287875,8.689543091,8.328159898
Benin,BEN,CO2 emissions (metric tons per capita),EN.ATM.CO2E.PC,0.232860969,0.256497596,0.285000234,0.313037269,0.323642156,0.299985405,0.471267009,0.531738987,0.507237393,0.521063185,0.553283259,0.559693354,0.562347006,0.580960914,0.614213852
Burkina Faso,BFA,CO2 emissions (metric tons per capita),EN.ATM.CO2E.PC,0.089716851,0.083504269,0.081733493,0.085194017,0.084705971,0.083875344,0.098375847,0.115526282,0.130556622,0.127633338,0.125717252,0.137496219,0.158663009,0.179132409,0.162018806
Bangladesh,BGD,CO2 emissions (metric tons per capita),EN.ATM.CO2E.PC,0.211802225,0.242020016,0.246756218,0.25660216,0.266823041,0.275246594,0.299529173,0.301630726,0.332727819,0.357158767,0.393936699,0.412011186,0.433487963,0.442400828,0.459141965
Bulgaria,BGR,CO2 emissions (metric tons per capita),EN.ATM.CO2E.PC,5.328034342,5.800066474,5.695266947,6.084370085,6.064891808,6.256282044,6.445333272,6.925435282,6.772087541,5.731193724,5.964900206,6.71538056,6.119456526,5.450695963,5.871615869
Bahrain,BHR,CO2 emissions (metric tons per capita),EN.ATM.CO2E.PC,28.05091075,19.96600382,21.35410421,21.14840679,21.10015931,21.60193124,19.64708884,25.91595737,26.70821199,23.81170841,23.5854809,22.41333475,20.51485098,23.80435697,23.44975483
Bahamas,BHS,CO2 emissions (metric tons per capita),EN.ATM.CO2E.PC,5.60101044,5.17748198,5.100353542,4.808098915,5.343724227,5.290297009,4.957323646,4.938208385,4.290906171,4.629528598,4.583343495,5.091832893,5.292937031,7.426540134,6.323257512
Bosnia and Herzegovina,BIH,CO2 emissions (metric tons per capita),EN.ATM.CO2E.PC,3.66047151,3.543235673,3.787614144,3.833651783,4.128334876,4.285163148,4.647460965,4.677514043,5.35493606,5.526103005,5.716134832,6.475389585,6.101280083,6.080813337,6.234719162
Belarus,BLR,CO2 emissions (metric tons per capita),EN.ATM.CO2E.PC,5.389745291,5.314049012,5.311929657,5.464145912,5.977157999,6.122471586,6.462446658,6.330314039,6.623163555,6.439684267,6.64269666,6.762517349,6.67999159,6.736652251,6.701957705
Belize,BLZ,CO2 emissions (metric tons per capita),EN.ATM.CO2E.PC,1.601342418,1.754517931,1.650252092,1.607795489,1.421168536,1.48866657,1.526093133,1.597516144,1.425287018,1.868957631,1.676105694,1.82686092,1.415825911,1.491598897,1.407601494
Bermuda,BMU,CO2 emissions (metric tons per capita),EN.ATM.CO2E.PC,8.36199117,8.448227313,8.85974059,8.859865772,9.147364292,9.088334321,10.11617563,11.24603933,9.943759288,7.262934975,9.347122413,6.872359209,7.356862866,7.051814587,8.838314988
Bolivia,BOL,CO2 emissions (metric tons per capita),EN.ATM.CO2E.PC,1.327056787,1.014681791,1.201378773,1.259040432,1.239406557,1.335330942,1.621906742,1.30616895,1.37896562,1.433545061,1.532870644,1.602029322,1.835469055,1.818997383,1.932419499
Brazil,BRA,CO2 emissions (metric tons per capita),EN.ATM.CO2E.PC,1.871118313,1.898353874,1.844379611,1.762482362,1.828671981,1.858087992,1.839393859,1.901371917,2.008670258,1.883811784,2.132937571,2.211587235,2.343570115,2.488417184,2.594388285
Barbados,BRB,CO2 emissions (metric tons per capita),EN.ATM.CO2E.PC,4.402894974,4.511188282,4.525025969,4.660219351,4.739998755,4.938242904,4.986412836,4.93979359,5.844583314,5.807257514,5.285997375,5.449513722,5.222107001,5.127146392,4.490177673
Brunei Darussalam,BRN,CO2 emissions (metric tons per capita),EN.ATM.CO2E.PC,14.14020184,13.25056672,12.62269977,12.99158717,13.90208971,13.70764162,13.13286158,22.45018193,24.04688439,20.48624704,21.10594553,24.60717794,24.18076388,19.23359197,22.12470124
Bhutan,BTN,CO2 emissions (metric tons per capita),EN.ATM.CO2E.PC,0.690660881,0.653044437,0.689377786,0.605839592,0.481081773,0.603125919,0.583684405,0.571168834,0.601619231,0.544051575,0.67026322,0.990398509,1.086025018,1.203220818,1.289321371
Botswana,BWA,CO2 emissions (metric tons per capita),EN.ATM.CO2E.PC,2.187461379,2.194012884,2.235280932,2.121745415,2.130846266,2.207093561,2.195251343,2.210450822,2.315483179,1.900285977,2.325924404,2.036091061,2.025409285,2.456718254,3.243287637
Central African Republic,CAF,CO2 emissions (metric tons per capita),EN.ATM.CO2E.PC,0.07128948,0.064111687,0.062874461,0.058942176,0.057875688,0.056853953,0.059345636,0.059175593,0.058227969,0.057449997,0.059350908,0.0622615,0.06533025,0.06601109,0.066593111
Canada,CAN,CO2 emissions (metric tons per capita),EN.ATM.CO2E.PC,17.36711469,16.98502952,16.55937785,17.46119914,17.25891114,17.25108328,16.69669436,16.85588274,16.87519788,15.96156016,15.723167,15.63975962,14.89063564,14.71197182,15.11715878
Central Europe and the Baltics,CEB,CO2 emissions (metric tons per capita),EN.ATM.CO2E.PC,6.603843282,6.831019607,6.76524677,7.006337569,6.93263217,6.987992003,7.252183061,7.279801806,7.157192095,6.515508665,6.828033565,6.864349465,6.504366995,6.344838262,6.14888254
Switzerland,CHE,CO2 emissions (metric tons per capita),EN.ATM.CO2E.PC,5.435484985,5.93984844,5.586512817,5.474267138,5.46256894,5.558350382,5.592175318,5.03057402,5.283044324,5.377973641,4.983428945,4.672038363,4.723574287,4.972835876,4.311562994
Channel Islands,CHI,CO2 emissions (metric tons per capita),EN.ATM.CO2E.PC,,,,,,,,,,,,,,,
Chile,CHL,CO2 emissions (metric tons per capita),EN.ATM.CO2E.PC,3.853499375,3.453563552,3.530720028,3.519261571,3.742118302,3.828453643,3.971510482,4.343916544,4.312294329,3.969555616,4.251715171,4.619729537,4.677982797,4.76586599,4.687376624
China,CHN,CO2 emissions (metric tons per capita),EN.ATM.CO2E.PC,2.696862433,2.742120813,3.007083197,3.524074093,4.037990651,4.523178064,4.980314197,5.334909929,5.701915025,6.010102433,6.560520007,7.241515419,7.424750916,7.557211045,7.543907641
Cote d'Ivoire,CIV,CO2 emissions (metric tons per capita),EN.ATM.CO2E.PC,0.406991231,0.453421366,0.419561908,0.308844016,0.425832957,0.426769671,0.374162963,0.355057998,0.347554665,0.283812055,0.341512032,0.346951476,0.434007998,0.486455715,0.490206046
Cameroon,CMR,CO2 emissions (metric tons per capita),EN.ATM.CO2E.PC,0.224712545,0.218308253,0.212475488,0.229828383,0.23330822,0.212179525,0.215723212,0.317155402,0.293251264,0.346083304,0.33951502,0.281094803,0.290648216,0.312755732,0.314928068
Congo-Dem. Rep.,COD,CO2 emissions (metric tons per capita),EN.ATM.CO2E.PC,0.017292618,0.017276319,0.018616172,0.019194831,0.022610101,0.027392924,0.028470592,0.030067893,0.030794399,0.028027156,0.031314551,0.037377088,0.034820686,0.050339213,0.063369191
Congo-Rep.,COG,CO2 emissions (metric tons per capita),EN.ATM.CO2E.PC,0.325124228,0.231136261,0.168972288,0.261740193,0.263422291,0.264306556,0.291079843,0.305257019,0.318099788,0.410345599,0.451406105,0.50055554,0.641061363,0.649833428,0.635369293
Colombia,COL,CO2 emissions (metric tons per capita),EN.ATM.CO2E.PC,1.433620241,1.372902655,1.338899634,1.362244907,1.288989699,1.407985384,1.435824144,1.40690202,1.516403445,1.599905659,1.658923082,1.64912349,1.705398582,1.893103161,1.759537174
Comoros,COM,CO2 emissions (metric tons per capita),EN.ATM.CO2E.PC,0.189314418,0.184706272,0.180298132,0.226353755,0.239461311,0.227828399,0.257569541,0.160026184,0.161805094,0.196081111,0.233942107,0.192025124,0.197567789,0.237378287,0.202814119
Cabo Verde,CPV,CO2 emissions (metric tons per capita),EN.ATM.CO2E.PC,0.497272909,0.528914892,0.60831973,0.669412166,0.705698963,0.927245257,0.983876704,1.040309351,0.954553682,1.055171109,1.109478009,1.212548739,0.984565517,0.958866077,0.933403237
Costa Rica,CRI,CO2 emissions (metric tons per capita),EN.ATM.CO2E.PC,1.394703986,1.441368065,1.556794835,1.605990202,1.655258443,1.616889851,1.647633189,1.858899789,1.835359367,1.760677795,1.665175303,1.682660743,1.668780062,1.614402173,1.630951062
Caribbean small states,CSS,CO2 emissions (metric tons per capita),EN.ATM.CO2E.PC,6.506692171,6.924531595,7.040816801,7.567341291,7.776927815,8.392102287,9.147516071,9.293786903,9.188087709,8.915001641,9.27710945,9.143734221,8.886377531,9.138025489,8.884541385
Cuba,CUB,CO2 emissions (metric tons per capita),EN.ATM.CO2E.PC,2.339161379,2.275291775,2.325789771,2.266421577,2.21934889,2.304659777,2.426221024,2.370445059,2.691785692,2.641408453,3.386127443,3.169444662,3.176608348,3.049362141,3.045210624
Curacao,CUW,CO2 emissions (metric tons per capita),EN.ATM.CO2E.PC,,,,,,,,,,,,,39.44566304,33.89940321,37.72628905
Cayman Islands,CYM,CO2 emissions (metric tons per capita),EN.ATM.CO2E.PC,11.17156428,10.83608828,10.90149314,10.75530112,9.768536333,9.728990992,9.674881573,11.11147369,11.01638136,10.2688701,10.04168844,10.36992524,9.307268397,9.172054616,9.171838032
Cyprus,CYP,CO2 emissions (metric tons per capita),EN.ATM.CO2E.PC,7.347326262,7.129456764,7.187870407,7.798570398,7.258439643,7.300757645,7.449680491,7.704853381,7.930294398,7.386924038,6.927903563,6.60156823,6.096256416,5.199663256,5.260352041
Czech Republic,CZE,CO2 emissions (metric tons per capita),EN.ATM.CO2E.PC,12.07688904,12.10978725,11.7437029,11.97368903,11.4518445,11.76245004,11.92582928,11.97251522,11.23377283,10.30832179,10.65257862,10.18548225,9.611985879,9.384891603,9.165978376
Germany,DEU,CO2 emissions (metric tons per capita),EN.ATM.CO2E.PC,10.09563988,10.3662867,10.0586725,9.969354525,9.898682369,9.666372234,9.911476012,9.488039888,9.506321178,8.818595562,9.279634012,9.12485921,9.199299757,9.39062342,8.889370395
Djibouti,DJI,CO2 emissions (metric tons per capita),EN.ATM.CO2E.PC,0.475248891,0.500470172,0.535636226,0.555888033,0.528103722,0.529037834,0.515825011,0.57084366,0.606017007,0.552127049,0.607471574,0.546278771,0.586763279,0.678855968,0.791961752
Dominica,DMA,CO2 emissions (metric tons per capita),EN.ATM.CO2E.PC,1.473620759,1.579015358,1.47049725,1.674118671,1.615211924,1.661460914,1.605448614,2.170739958,1.857388074,1.853346249,1.950531915,1.789578627,1.883279662,1.823370166,1.864285911
Denmark,DNK,CO2 emissions (metric tons per capita),EN.ATM.CO2E.PC,9.613175554,9.875092348,9.68193193,10.38827349,9.362701019,8.690076931,10.11291416,9.20201511,8.543351098,8.058895601,8.40721667,7.296383208,6.514800847,6.862565032,5.935712482
Dominican Republic,DOM,CO2 emissions (metric tons per capita),EN.ATM.CO2E.PC,2.311301258,2.278507636,2.415109906,2.399070559,2.011351755,2.017778384,2.111060875,2.227743225,2.149242258,2.070810108,2.123958664,2.117090045,2.178544552,2.085432517,2.069986634
Algeria,DZA,CO2 emissions (metric tons per capita),EN.ATM.CO2E.PC,2.817543547,2.665851517,2.810044593,2.826112964,2.69593129,3.22268315,2.992187469,3.189641475,3.161381458,3.423011434,3.299703688,3.291376176,3.46026581,3.507310029,3.717409901
East Asia & Pacific (excluding high income),EAP,CO2 emissions (metric tons per capita),EN.ATM.CO2E.PC,2.311330946,2.368862027,2.561298583,2.942778456,3.322252677,3.661560575,3.965616652,4.221086764,4.502656666,4.726377843,5.106044509,5.641636355,5.773224485,5.790459749,5.775478345
Early-demographic dividend,EAR,CO2 emissions (metric tons per capita),EN.ATM.CO2E.PC,1.712111905,1.703397113,1.70594111,1.765356538,1.82510642,1.858684133,1.930220138,1.97591264,2.079574725,2.128522377,2.119826541,2.201370084,2.295942682,2.210865063,2.295302152
East Asia & Pacific,EAS,CO2 emissions (metric tons per capita),EN.ATM.CO2E.PC,3.198372648,3.234833197,3.424471884,3.762879257,4.119975528,4.398099057,4.671129577,4.918800175,5.155123208,5.305318267,5.701782638,6.190022864,6.307117957,6.330498005,6.293604976
Europe & Central Asia (excluding high income),ECA,CO2 emissions (metric tons per capita),EN.ATM.CO2E.PC,6.865176238,6.870571452,6.917910671,7.220006041,7.296001285,7.336386242,7.60717192,7.702406154,7.821624202,7.085747543,7.555768031,7.883872362,7.999170481,7.733275947,7.421328159
Europe & Central Asia,ECS,CO2 emissions (metric tons per capita),EN.ATM.CO2E.PC,7.606872486,7.694287377,7.665808004,7.866922234,7.893691553,7.872145878,8.003454152,7.939602269,7.893628537,7.218975753,7.542938641,7.500065132,7.473206993,7.289242461,6.916049326
Ecuador,ECU,CO2 emissions (metric tons per capita),EN.ATM.CO2E.PC,1.640605971,1.798584661,1.908671472,2.029189439,2.150041892,2.203366408,2.066177292,2.244788111,2.344230258,2.455104271,2.441361756,2.543911176,2.473495016,2.617689044,2.761702175
Egypt,EGY,CO2 emissions (metric tons per capita),EN.ATM.CO2E.PC,2.021660576,1.761296175,1.752215942,1.999994134,2.001962275,2.177805381,2.28491226,2.377408257,2.453080477,2.50693511,2.41019138,2.528167325,2.471928185,2.376329652,2.198980246
Euro area,EMU,CO2 emissions (metric tons per capita),EN.ATM.CO2E.PC,8.207013725,8.378061505,8.335929408,8.412746122,8.444274973,8.351671649,8.317244789,8.131036132,7.905203821,7.284917549,7.425634257,7.16146999,6.997097054,6.844462028,6.474920548
Eritrea,ERI,CO2 emissions (metric tons per capita),EN.ATM.CO2E.PC,0.179415769,0.180355057,0.16739016,0.194225396,0.199571194,0.193096913,0.137963994,0.139499082,0.09789904,0.119104459,0.11692068,0.132758694,,,
Spain,ESP,CO2 emissions (metric tons per capita),EN.ATM.CO2E.PC,7.257824346,7.290748328,7.591280782,7.611166445,7.908050681,8.097058048,7.88419571,7.920890716,7.165531607,6.216973378,5.816416366,5.788018458,5.660938803,5.084398353,5.033824487
Estonia,EST,CO2 emissions (metric tons per capita),EN.ATM.CO2E.PC,10.63625164,11.21670899,10.79350419,12.49335386,12.68399031,12.36701519,12.00996206,13.95488409,13.08183443,10.91432018,13.59968907,14.01673297,13.32400037,15.09371797,14.84881917
Ethiopia,ETH,CO2 emissions (metric tons per capita),EN.ATM.CO2E.PC,0.053348338,0.063550673,0.064136044,0.068745056,0.070957323,0.06671871,0.069804932,0.074245057,0.079084048,0.077619139,0.07509386,0.085803968,0.092622864,0.112072453,0.119124015
European Union,EUU,CO2 emissions (metric tons per capita),EN.ATM.CO2E.PC,8.012731657,8.174994395,8.106023286,8.224757076,8.21033126,8.144927655,8.178786936,8.01017159,7.804327256,7.157409612,7.356304954,7.07946092,6.917802512,6.75382527,6.379148848
Fragile and conflict affected situations,FCS,CO2 emissions (metric tons per capita),EN.ATM.CO2E.PC,0.765812137,0.789740321,0.75023733,0.800614954,0.859576224,0.846048033,0.799199812,0.719929743,0.801348446,0.820861629,0.842662477,0.825987786,0.841904675,0.880020574,0.886959024
Finland,FIN,CO2 emissions (metric tons per capita),EN.ATM.CO2E.PC,10.12847414,10.9967421,11.86067583,13.26109694,12.83267498,10.41643805,12.57063845,12.09848186,10.63715919,9.955194272,11.57528165,10.54447474,9.075433356,8.681780123,8.660721243
Fiji,FJI,CO2 emissions (metric tons per capita),EN.ATM.CO2E.PC,1.039677129,1.297067861,1.092424705,1.284259173,1.653469037,1.334157118,1.471389672,1.38806342,1.060957621,0.929697981,1.419979069,1.25604496,1.213104227,1.30887617,1.320574708
France,FRA,CO2 emissions (metric tons per capita),EN.ATM.CO2E.PC,5.946665463,6.153060599,6.068664472,6.115998108,6.120078568,6.099598855,5.906266386,5.76638517,5.690501415,5.438356727,5.428980862,5.077911491,5.075063887,5.062174035,4.573182147
Faroe Islands,FRO,CO2 emissions (metric tons per capita),EN.ATM.CO2E.PC,14.58792162,16.04881539,15.1995227,15.28744737,15.53845834,14.96114735,14.02135047,14.229607,13.00864185,11.86633551,12.99122554,11.6932398,12.13140591,13.91665128,12.23784857
Micronesia-Fed. Sts.,FSM,CO2 emissions (metric tons per capita),EN.ATM.CO2E.PC,1.160529451,1.574040032,1.336782479,1.338872454,1.341874889,1.139506196,1.145026683,1.326119644,1.123145543,1.552020008,1.097098904,1.169550006,1.310870216,1.379076585,1.445435754
Gabon,GAB,CO2 emissions (metric tons per capita),EN.ATM.CO2E.PC,3.812587217,3.8027877,3.532692526,3.495415414,3.435279888,3.483729188,2.888232916,2.765283613,2.716100054,2.678457404,2.933224404,2.929968222,2.905518332,2.90571962,2.768265721
United Kingdom,GBR,CO2 emissions (metric tons per capita),EN.ATM.CO2E.PC,9.199549233,9.233174987,8.904123108,9.053277839,8.989140127,8.982938536,8.89871022,8.617163681,8.424423983,7.574622131,7.857836486,7.079297626,7.355898277,7.145844359,6.49744049
Georgia,GEO,CO2 emissions (metric tons per capita),EN.ATM.CO2E.PC,1.11256641,0.939044777,0.851651433,0.954857055,1.100845101,1.298612238,1.584796154,1.663381913,1.342567616,1.636221401,1.667568685,2.122236979,2.263802424,2.113793109,2.416460496
Ghana,GHA,CO2 emissions (metric tons per capita),EN.ATM.CO2E.PC,0.332065264,0.356285127,0.372506201,0.373214083,0.350161075,0.324620095,0.423190166,0.432928115,0.392218773,0.322460195,0.406162808,0.391342522,0.4615626,0.554930149,0.536533378
Gibraltar,GIB,CO2 emissions (metric tons per capita),EN.ATM.CO2E.PC,10.7022771,10.98674061,11.04378012,11.21371375,12.07157637,12.45762818,12.94395591,12.74595509,12.99560064,14.01996602,14.03202868,13.50220027,13.74184338,14.52448937,15.51348493
Guinea,GIN,CO2 emissions (metric tons per capita),EN.ATM.CO2E.PC,0.186502517,0.191706204,0.197449478,0.202062483,0.204790633,0.188658482,0.191487708,0.19503142,0.212067121,0.214326136,0.2412015,0.251884294,0.22883261,0.199296674,0.207492621
Gambia,GMB,CO2 emissions (metric tons per capita),EN.ATM.CO2E.PC,0.199448144,0.199153086,0.220912206,0.213922821,0.209756659,0.203129198,0.20658864,0.228723501,0.230836248,0.232603869,0.255713888,0.25617469,0.252317681,0.232722215,0.267684889
Guinea-Bissau,GNB,CO2 emissions (metric tons per capita),EN.ATM.CO2E.PC,0.117983091,0.11861584,0.119065529,0.147101654,0.149358127,0.154026758,0.153151941,0.159770201,0.153530325,0.154659665,0.153196262,0.153925624,0.154457589,0.152655821,0.157241167
Equatorial Guinea,GNQ,CO2 emissions (metric tons per capita),EN.ATM.CO2E.PC,0.740177399,4.837655253,7.472589574,8.663189901,7.199253053,6.222090617,6.003530598,5.78352809,5.18537847,5.08234968,4.919642857,6.162746281,4.925379817,4.764156915,4.733816529
Greece,GRC,CO2 emissions (metric tons per capita),EN.ATM.CO2E.PC,8.47843382,8.636014274,8.591970187,8.760745127,8.867967195,8.980839448,8.827796219,8.892293442,8.662824281,8.277892345,7.540183868,7.189762915,7.247007359,6.33661459,6.180337268
Grenada,GRD,CO2 emissions (metric tons per capita),EN.ATM.CO2E.PC,1.876460111,1.908226885,2.011283056,2.113338217,2.000389651,2.101555139,2.237296507,2.301034889,2.434552102,2.426008668,2.487241705,2.408022841,2.572577052,2.873797317,2.275498308
Greenland,GRL,CO2 emissions (metric tons per capita),EN.ATM.CO2E.PC,9.461120996,9.566086957,9.522319772,9.366951467,10.24499657,10.69152542,11.04479163,11.28207939,11.71815083,10.2217389,11.66377295,12.44034101,10.00501672,9.803250536,8.989181988
Guatemala,GTM,CO2 emissions (metric tons per capita),EN.ATM.CO2E.PC,0.851067438,0.891154224,0.90887707,0.866258954,0.908087138,0.959869359,0.944052806,0.921548718,0.816060283,0.827854974,0.797292859,0.791834915,0.784016181,0.87418049,1.150977994
Guam,GUM,CO2 emissions (metric tons per capita),EN.ATM.CO2E.PC,,,,,,,,,,,,,,,
Guyana,GUY,CO2 emissions (metric tons per capita),EN.ATM.CO2E.PC,2.137011633,2.12046186,2.102022386,2.082588843,2.16609282,1.914204217,1.721961417,2.088790951,2.088229619,2.099803807,2.303675813,2.379070885,2.648880414,2.554048974,2.632347952
High income,HIC,CO2 emissions (metric tons per capita),EN.ATM.CO2E.PC,11.93456937,11.81458881,11.80037888,11.90379202,12.03913715,11.97263604,11.91310839,11.88440357,11.65366037,10.96132724,11.27029811,11.02956715,10.85743975,10.77435126,10.71269229
Hong Kong SAR-China,HKG,CO2 emissions (metric tons per capita),EN.ATM.CO2E.PC,6.067468267,5.65317561,5.877226465,6.441820883,6.148515958,6.439263195,6.133325021,6.321536226,6.320723648,6.044701985,5.791126534,6.193079501,6.073287646,6.269078968,6.393600526
Honduras,HND,CO2 emissions (metric tons per capita),EN.ATM.CO2E.PC,0.771138223,0.853598376,0.887475982,0.962390428,1.022605017,1.024491994,0.929221554,1.13892448,1.101591737,0.979841745,0.973269197,1.072227358,1.05625722,1.047014219,1.07522179
Heavily indebted poor countries (HIPC),HPC,CO2 emissions (metric tons per capita),EN.ATM.CO2E.PC,0.162257814,0.163942515,0.170391156,0.175683411,0.184718896,0.183977821,0.192717356,0.200496028,0.203015919,0.20326954,0.221203409,0.232659952,0.240601121,0.254597359,0.26534215
Croatia,HRV,CO2 emissions (metric tons per capita),EN.ATM.CO2E.PC,4.328211925,4.743616794,4.991418757,5.341070163,5.198168006,5.241676788,5.24384626,5.528298459,5.242211938,4.916384236,4.696195978,4.627629816,4.21645564,4.123953137,3.973804906
Haiti,HTI,CO2 emissions (metric tons per capita),EN.ATM.CO2E.PC,0.159990525,0.1805538,0.206703021,0.193224637,0.217948811,0.224056081,0.22447544,0.25017388,0.247110854,0.230376834,0.212694146,0.218681438,0.224883835,0.23059851,0.270538586
Hungary,HUN,CO2 emissions (metric tons per capita),EN.ATM.CO2E.PC,5.467296695,5.592875675,5.518941473,5.82981044,5.684910755,5.751848927,5.698187039,5.572459521,5.463501182,4.840111448,5.022311649,4.797900003,4.494128944,4.259659831,4.265574976
IBRD only,IBD,CO2 emissions (metric tons per capita),EN.ATM.CO2E.PC,2.636960408,2.659015856,2.73614432,2.961312686,3.162411752,3.341076868,3.529239999,3.665277936,3.858061077,3.91315477,4.12173559,4.409296426,4.522700296,4.500928552,4.508560979
IDA & IBRD total,IBT,CO2 emissions (metric tons per capita),EN.ATM.CO2E.PC,2.178481754,2.192582276,2.248229285,2.422879182,2.576238387,2.706852514,2.84717156,2.94927915,3.08963396,3.11607541,3.271260644,3.484817554,3.560119294,3.535432676,3.529660952
IDA total,IDA,CO2 emissions (metric tons per capita),EN.ATM.CO2E.PC,0.494096652,0.500432103,0.500568776,0.518765907,0.529728927,0.52064105,0.526091633,0.544347889,0.541702835,0.506682532,0.523641434,0.536908204,0.529591478,0.534503758,0.525891424
IDA blend,IDB,CO2 emissions (metric tons per capita),EN.ATM.CO2E.PC,0.963794692,0.974056011,0.998706122,1.0036976,1.021554388,0.999547492,0.994749566,1.007746111,0.988996369,0.890379578,0.907667614,0.939870757,0.937521858,0.930803298,0.880445467
Indonesia,IDN,CO2 emissions (metric tons per capita),EN.ATM.CO2E.PC,1.245241613,1.374818345,1.410233797,1.436404464,1.509898209,1.508480596,1.50157677,1.611855395,1.763895139,1.865165403,1.767907879,2.456844744,2.559750233,1.945094474,1.819363319
IDA only,IDX,CO2 emissions (metric tons per capita),EN.ATM.CO2E.PC,0.256610247,0.261527997,0.249832059,0.275410518,0.283473308,0.281287478,0.292215378,0.313351177,0.318837216,0.315627497,0.332242203,0.335718672,0.325675765,0.336241561,0.348440393
Isle of Man,IMN,CO2 emissions (metric tons per capita),EN.ATM.CO2E.PC,,,,,,,,,,,,,,,
India,IND,CO2 emissions (metric tons per capita),EN.ATM.CO2E.PC,0.979870442,0.97169808,0.967381128,0.992391683,1.025027608,1.068563218,1.121981504,1.19320986,1.310097833,1.431844254,1.397008906,1.47668635,1.598098637,1.591437853,1.730000432
Not classified,INX,CO2 emissions (metric tons per capita),EN.ATM.CO2E.PC,,,,,,,,,,,,,,,
Ireland,IRL,CO2 emissions (metric tons per capita),EN.ATM.CO2E.PC,10.83474264,11.38823116,11.04125081,10.6811767,10.75163663,10.4661517,10.0993731,10.14752888,9.577641293,8.889010942,8.783613934,7.77982216,7.738155591,7.538110297,7.313939808
Iran,IRN,CO2 emissions (metric tons per capita),EN.ATM.CO2E.PC,5.628712148,5.938288818,5.909686786,6.080819732,6.42136251,6.657136594,7.150837088,7.209721709,7.434674547,7.522002539,7.684728662,7.802934624,8.001696245,8.003808763,8.283020787
Iraq,IRQ,CO2 emissions (metric tons per capita),EN.ATM.CO2E.PC,3.074219493,3.519022191,3.498892732,3.55544505,4.335058404,4.203243314,3.565996058,2.189316732,3.19974579,3.497152936,3.647128775,4.235645492,4.659523902,4.884622664,4.811839686
Iceland,ISL,CO2 emissions (metric tons per capita),EN.ATM.CO2E.PC,7.693782116,7.373427894,7.550227286,7.485457013,7.683682902,7.513584557,7.568614994,7.414833454,6.677481144,6.447492771,6.168528586,5.896828979,5.613991818,5.866946294,6.059657407
Israel,ISR,CO2 emissions (metric tons per capita),EN.ATM.CO2E.PC,9.581779456,9.876810219,9.103871689,9.400877468,8.667993097,8.218088772,8.856488368,8.78433448,9.340093039,8.612472881,9.035223254,8.901888279,9.547967764,8.321785471,7.863181348
Italy,ITA,CO2 emissions (metric tons per capita),EN.ATM.CO2E.PC,7.912673166,7.904432663,7.932323042,8.17175128,8.216487201,8.166090128,8.072145596,7.917347216,7.60176497,6.795651486,6.83837457,6.702557614,6.205413858,5.732941879,5.270866786
Jamaica,JAM,CO2 emissions (metric tons per capita),EN.ATM.CO2E.PC,3.879738293,3.965603802,3.799716633,3.932630319,3.910532081,3.825089911,4.164812687,3.47744866,3.658953981,2.760631465,2.590268386,2.777310635,2.626668783,2.837874022,2.59321537
Jordan,JOR,CO2 emissions (metric tons per capita),EN.ATM.CO2E.PC,3.03886889,3.081321549,3.19367817,3.237042722,3.475823105,3.68553936,3.559335058,3.557940164,3.289654786,3.209444026,2.948961557,2.860523571,3.058367062,2.898831801,3.002514727
Japan,JPN,CO2 emissions (metric tons per capita),EN.ATM.CO2E.PC,9.622351624,9.464308709,9.573130135,9.725282059,9.909203497,9.698882518,9.632048618,9.782963899,9.449533972,8.620816388,9.148316038,9.317426666,9.63862829,9.780815065,9.538706103
Kazakhstan,KAZ,CO2 emissions (metric tons per capita),EN.ATM.CO2E.PC,7.934854181,8.873851074,9.000333671,9.538517359,11.52689249,11.7071662,12.58362425,14.35971247,14.85305787,13.25676292,15.22798733,15.64629686,14.46941789,15.42931652,14.36316974
Kenya,KEN,CO2 emissions (metric tons per capita),EN.ATM.CO2E.PC,0.331249189,0.289874858,0.239910545,0.197903469,0.217354469,0.237527091,0.258407753,0.258132923,0.261618018,0.306941208,0.294423102,0.316754325,0.286745421,0.297438082,0.310415314
Kyrgyz Republic,KGZ,CO2 emissions (metric tons per capita),EN.ATM.CO2E.PC,0.946245305,0.787517745,0.993404532,1.078294172,1.150808862,1.083209042,1.055464127,1.258434439,1.440269803,1.261546635,1.171873015,1.388440866,1.806948388,1.720789566,1.646395339
Cambodia,KHM,CO2 emissions (metric tons per capita),EN.ATM.CO2E.PC,0.162644456,0.18153944,0.174719537,0.185159888,0.18723252,0.209184397,0.222613711,0.253373751,0.28082695,0.330259355,0.350330567,0.358177248,0.369259354,0.372980821,0.437759998
Kiribati,KIR,CO2 emissions (metric tons per capita),EN.ATM.CO2E.PC,0.34755823,0.298970393,0.461822928,0.453760054,0.486006494,0.675212564,0.739157649,0.533043993,0.558766761,0.401091799,0.607284807,0.595656245,0.584722313,0.574367715,0.564368357
St. Kitts and Nevis,KNA,CO2 emissions (metric tons per capita),EN.ATM.CO2E.PC,3.79840878,3.827266797,4.245577925,4.185896081,4.433636989,4.073522454,4.098455598,4.345921298,4.298517842,4.395845616,4.276800467,4.442198977,4.18360556,4.207094359,4.2989449
Korea-Rep.,KOR,CO2 emissions (metric tons per capita),EN.ATM.CO2E.PC,9.52093176,9.503744234,9.77299975,9.734649494,10.03018386,9.607269847,9.716605676,10.18156704,10.34742286,10.32010949,11.43631663,11.80296873,11.63282456,11.74920084,11.57034541
Kuwait,KWT,CO2 emissions (metric tons per capita),EN.ATM.CO2E.PC,26.11748729,27.32663445,27.16083436,27.62525921,28.77545168,31.42673908,31.03114555,30.05334284,31.19177293,30.97049493,29.89415136,28.52652872,30.13791232,27.33039211,25.22386443
Latin America & Caribbean (excluding high income),LAC,CO2 emissions (metric tons per capita),EN.ATM.CO2E.PC,2.380762057,2.436338436,2.451015014,2.45850583,2.385663426,2.482915468,2.496615923,2.501536067,2.595386152,2.51889322,2.622306065,2.634371722,2.745712339,2.763729253,2.781101756
Lao PDR,LAO,CO2 emissions (metric tons per capita),EN.ATM.CO2E.PC,0.176149081,0.161184789,0.209456216,0.197162692,0.245994204,0.244083186,0.2651815,0.152848497,0.156321266,0.204449551,0.262420284,0.256490777,0.264657252,0.242789462,0.297200884
Lebanon,LBN,CO2 emissions (metric tons per capita),EN.ATM.CO2E.PC,4.712723692,4.81313948,4.542585422,4.911836506,4.348269742,4.065397963,3.563651398,3.294180595,4.190554377,4.989669044,4.622282052,4.455511197,4.603511835,4.279937348,4.295732552
Liberia,LBR,CO2 emissions (metric tons per capita),EN.ATM.CO2E.PC,0.1461958,0.164278273,0.159233697,0.167097261,0.193947011,0.222635631,0.221594757,0.189982043,0.154168463,0.13565347,0.200619788,0.218929838,0.245544549,0.223290253,0.212967664
Libya,LBY,CO2 emissions (metric tons per capita),EN.ATM.CO2E.PC,8.796827186,8.84099908,8.653499448,8.754906737,8.827526456,8.995490522,9.057399937,8.367869151,9.253709435,9.472052766,10.04374986,6.410366124,8.499773485,9.081136287,9.186845393
St. Lucia,LCA,CO2 emissions (metric tons per capita),EN.ATM.CO2E.PC,2.102784981,2.290949364,2.04279464,2.232461344,2.192276165,2.239881745,2.216955752,2.301629525,2.340361659,2.251377016,2.33729285,2.341553914,2.3281208,2.31718661,2.307191321
Latin America & Caribbean,LCN,CO2 emissions (metric tons per capita),EN.ATM.CO2E.PC,2.585980376,2.610175679,2.606269906,2.635367539,2.61897329,2.723219279,2.769717425,2.783861668,2.888649957,2.792732554,2.90513625,2.930914491,3.02585131,3.036040096,3.063307099
Least developed countries: UN classification,LDC,CO2 emissions (metric tons per capita),EN.ATM.CO2E.PC,0.166976484,0.175880211,0.182235366,0.185154906,0.209194201,0.211198028,0.2235639,0.230223596,0.238035626,0.251513588,0.269364192,0.278625092,0.278405674,0.294525992,0.314163047
Low income,LIC,CO2 emissions (metric tons per capita),EN.ATM.CO2E.PC,0.407045869,0.402802592,0.364133503,0.396311343,0.387938287,0.392132958,0.395533282,0.391635458,0.40195478,0.387771546,0.387171698,0.352098092,0.325237326,0.315277065,0.320595161
Liechtenstein,LIE,CO2 emissions (metric tons per capita),EN.ATM.CO2E.PC,,,,,,,,1.764877414,1.75400242,1.435385562,1.527789351,1.314554379,1.304446573,1.393766629,1.185229079
Sri Lanka,LKA,CO2 emissions (metric tons per capita),EN.ATM.CO2E.PC,0.545112224,0.552190884,0.580084526,0.576519907,0.634873861,0.619788678,0.608862738,0.623605804,0.612029771,0.656312556,0.656664382,0.745132332,0.784926512,0.752460918,0.885247473
Lower middle income,LMC,CO2 emissions (metric tons per capita),EN.ATM.CO2E.PC,1.051431106,1.056211764,1.064896276,1.101844592,1.13712137,1.156394035,1.18171614,1.230868873,1.300977716,1.335068094,1.338130533,1.443321829,1.511185754,1.439193365,1.474025508
Low & middle income,LMY,CO2 emissions (metric tons per capita),EN.ATM.CO2E.PC,2.11537439,2.132563048,2.191753311,2.365290104,2.516087606,2.648300678,2.784634559,2.885727645,3.028054741,3.061271907,3.214217774,3.425672987,3.505953024,3.479149777,3.476109882
Lesotho,LSO,CO2 emissions (metric tons per capita),EN.ATM.CO2E.PC,0.99097554,0.995518981,1.002380261,1.007513697,1.02591833,1.032643548,1.037234275,1.047034057,1.063467221,1.098714893,1.115976518,1.129856804,1.151021471,1.149963563,1.150111032
Late-demographic dividend,LTE,CO2 emissions (metric tons per capita),EN.ATM.CO2E.PC,3.40141701,3.451597861,3.606027238,3.990687656,4.348022256,4.680005856,5.020342729,5.258501725,5.546710509,5.628399421,6.076883391,6.553544469,6.703792068,6.770471226,6.744762333
Lithuania,LTU,CO2 emissions (metric tons per capita),EN.ATM.CO2E.PC,3.475729068,3.712622788,3.817099115,3.754816757,3.922093528,4.184042091,4.329871871,4.693696086,4.69291649,3.958100057,4.348616303,4.553301311,4.629509672,4.273657237,4.378090123
Luxembourg,LUX,CO2 emissions (metric tons per capita),EN.ATM.CO2E.PC,18.88551226,19.93273314,21.1057455,21.93071098,24.5990264,24.82464668,24.01285765,22.95728271,22.38547222,20.87712517,21.6351358,21.10296963,20.08421949,18.49831971,17.36212137
Latvia,LVA,CO2 emissions (metric tons per capita),EN.ATM.CO2E.PC,2.682622965,2.988928918,2.992111413,3.221510038,3.271442282,3.352846325,3.611860039,3.779785259,3.629405756,3.376490018,3.849593455,3.541113332,3.471747548,3.518240904,3.498192882
Macao SAR-China,MAC,CO2 emissions (metric tons per capita),EN.ATM.CO2E.PC,3.812838948,3.85047514,3.381937019,3.331122446,3.640142284,3.791936323,3.285522582,3.04962854,2.602236229,3.944039078,2.622363675,2.636261714,2.333713164,2.05052089,2.17984276
St. Martin (French part),MAF,CO2 emissions (metric tons per capita),EN.ATM.CO2E.PC,,,,,,,,,,,,,,,
Morocco,MAR,CO2 emissions (metric tons per capita),EN.ATM.CO2E.PC,1.175234919,1.292416974,1.296207204,1.25858331,1.435121375,1.499668721,1.536323802,1.609794004,1.674221754,1.640583713,1.726598065,1.755558226,1.881915344,1.746728972,1.744379974
Monaco,MCO,CO2 emissions (metric tons per capita),EN.ATM.CO2E.PC,,,,,,,,,,,,,,,
Moldova,MDA,CO2 emissions (metric tons per capita),EN.ATM.CO2E.PC,0.965214233,1.022913361,1.100182387,1.187528267,1.263730162,1.361666306,1.393071924,1.30813803,1.338363153,1.276290637,1.384630177,1.415302757,1.383552384,1.404532331,1.386829142
Madagascar,MDG,CO2 emissions (metric tons per capita),EN.ATM.CO2E.PC,0.118846962,0.107117169,0.073711326,0.098470636,0.101546442,0.094991068,0.089148788,0.093403805,0.094441924,0.086107763,0.09257807,0.107595267,0.121103401,0.135748886,0.130421321
Maldives,MDV,CO2 emissions (metric tons per capita),EN.ATM.CO2E.PC,1.608654559,1.609750999,2.01825094,1.674490171,2.149950229,1.886198547,2.318681252,2.324131877,2.444284083,2.492932319,2.56531353,2.629542746,2.876986973,2.749809385,3.26955985
Middle East & North Africa,MEA,CO2 emissions (metric tons per capita),EN.ATM.CO2E.PC,4.644901115,4.631625284,4.603452057,4.816033373,5.108815409,5.254239767,5.450505016,5.297569033,5.609736352,5.744609287,5.847629161,5.793991934,6.099270394,5.92162696,6.159356049
Mexico,MEX,CO2 emissions (metric tons per capita),EN.ATM.CO2E.PC,3.916478182,4.006881616,3.970934988,4.16704652,4.124551403,4.299365235,4.353173578,4.296635487,4.339644436,4.120600766,3.957657664,4.067755192,4.107686314,4.001602493,3.866241113
Marshall Islands,MHL,CO2 emissions (metric tons per capita),EN.ATM.CO2E.PC,1.476389501,1.545982408,1.617029027,1.618332182,1.690056458,1.620228604,1.760340259,1.899016054,1.896070321,1.962461774,1.958531235,1.954169997,1.949680041,1.944879056,1.941018564
Middle income,MIC,CO2 emissions (metric tons per capita),EN.ATM.CO2E.PC,2.290406106,2.31233496,2.384419411,2.576052784,2.747359555,2.897311529,3.052494122,3.169838292,3.331991065,3.375489888,3.551473666,3.797528431,3.896148298,3.872690404,3.874128243
North Macedonia,MKD,CO2 emissions (metric tons per capita),EN.ATM.CO2E.PC,5.928994176,5.873397943,5.336934241,5.507394958,5.440655464,5.474855747,5.301935152,4.596492884,4.547880455,4.20383424,4.154450175,4.535127435,4.322883016,3.780523467,3.614938183
Mali,MLI,CO2 emissions (metric tons per capita),EN.ATM.CO2E.PC,0.074893437,0.073383783,0.072779635,0.070254145,0.070724633,0.070195456,0.071249296,0.073738963,0.075735439,0.055231208,0.063974498,0.067247651,0.062083931,0.062311648,0.083228663
Malta,MLT,CO2 emissions (metric tons per capita),EN.ATM.CO2E.PC,5.292462963,6.325824114,5.806537886,6.476880542,6.415248662,6.683221324,6.351303206,6.698844917,6.252313871,5.814186003,6.174949579,6.104795468,6.38190073,5.49231748,5.400613957
Myanmar,MMR,CO2 emissions (metric tons per capita),EN.ATM.CO2E.PC,0.218848376,0.187093466,0.195328681,0.206738413,0.258661081,0.239234646,0.263052109,0.261834894,0.198099033,0.205437515,0.249531401,0.282824446,0.217129435,0.249963458,0.416600362
Middle East & North Africa (excluding high income),MNA,CO2 emissions (metric tons per capita),EN.ATM.CO2E.PC,3.105059766,3.143044411,3.100289482,3.262256187,3.401536629,3.550132417,3.603603965,3.556695388,3.735083468,3.807163846,3.818795951,3.822477607,3.926381879,3.914188367,3.927253364
Montenegro,MNE,CO2 emissions (metric tons per capita),EN.ATM.CO2E.PC,,,,,,3.34904381,3.875533515,3.655836006,4.457679397,2.953556075,4.167664361,4.145547583,3.763898221,3.61855388,3.55607179
Mongolia,MNG,CO2 emissions (metric tons per capita),EN.ATM.CO2E.PC,3.130990358,3.258173484,3.3913979,3.25373286,3.424917656,3.389126465,3.672716938,4.655079543,4.580730945,4.9103343,5.094989402,7.785441402,9.319217433,13.50693996,7.127326348
Northern Mariana Islands,MNP,CO2 emissions (metric tons per capita),EN.ATM.CO2E.PC,,,,,,,,,,,,,,,
Mozambique,MOZ,CO2 emissions (metric tons per capita),EN.ATM.CO2E.PC,0.074688918,0.085023271,0.082959215,0.097270381,0.094596362,0.08710476,0.091898522,0.101969512,0.099191579,0.107559226,0.112940682,0.129247057,0.121535416,0.152038112,0.309666607
Mauritania,MRT,CO2 emissions (metric tons per capita),EN.ATM.CO2E.PC,0.433106133,0.455955774,0.469665477,0.469982419,0.504949844,0.507171194,0.49984056,0.556802755,0.568203288,0.605538678,0.61971003,0.644099587,0.693144214,0.676497971,0.666822428
Mauritius,MUS,CO2 emissions (metric tons per capita),EN.ATM.CO2E.PC,2.267789393,2.39401331,2.395715333,2.523504784,2.53175545,2.683999401,2.94193012,2.97588958,3.029991456,2.97492202,3.132082534,3.129998786,3.15928885,3.233909584,3.353110472
Malawi,MWI,CO2 emissions (metric tons per capita),EN.ATM.CO2E.PC,0.076394678,0.073993001,0.070814422,0.074310875,0.073478637,0.067211075,0.067992046,0.06411502,0.07400173,0.064295725,0.075433298,0.075556876,0.06811283,0.073883522,0.07476291
Malaysia,MYS,CO2 emissions (metric tons per capita),EN.ATM.CO2E.PC,5.422937194,5.722640626,5.526834521,6.410086386,6.507753343,6.800116472,6.414691515,6.941255761,7.525777755,7.20424991,7.771554746,7.697015882,7.497558969,7.961513999,8.032991579
North America,NAC,CO2 emissions (metric tons per capita),EN.ATM.CO2E.PC,19.90001075,19.37358606,19.31107882,19.35503182,19.41999239,19.35915719,18.85642497,18.98389784,18.30378575,17.03768107,17.27103142,16.84234115,16.16730584,16.16049659,16.36232406
Namibia,NAM,CO2 emissions (metric tons per capita),EN.ATM.CO2E.PC,0.864978252,1.043056564,0.897058171,0.943269059,0.976417311,1.136804718,1.134491136,1.135406014,1.579001365,1.436229083,1.427537652,1.277711305,1.495026357,1.134995165,1.583728667
New Caledonia,NCL,CO2 emissions (metric tons per capita),EN.ATM.CO2E.PC,10.47321202,8.689813366,10.86077024,12.15844489,11.06111475,12.15754575,11.5415228,12.30763218,11.8129516,12.09163245,14.18347147,14.34505603,14.01671815,16.09223971,16.00593173
Niger,NER,CO2 emissions (metric tons per capita),EN.ATM.CO2E.PC,0.061369828,0.055758948,0.05738136,0.059972884,0.062015179,0.052507081,0.049041881,0.049248865,0.053216382,0.061217486,0.0714398,0.077789764,0.105264016,0.105275363,0.111073516
Nigeria,NGA,CO2 emissions (metric tons per capita),EN.ATM.CO2E.PC,0.621626466,0.683342208,0.728060755,0.769980197,0.77037715,0.763411354,0.693421339,0.649213947,0.639510536,0.49698548,0.57711138,0.587523023,0.588789917,0.571126416,0.545622113
Nicaragua,NIC,CO2 emissions (metric tons per capita),EN.ATM.CO2E.PC,0.748457268,0.77714591,0.78066022,0.841729221,0.833581276,0.803023352,0.81949231,0.834057151,0.79049017,0.793378229,0.790571277,0.840380212,0.786172383,0.765378513,0.808520856
Netherlands,NLD,CO2 emissions (metric tons per capita),EN.ATM.CO2E.PC,10.89472628,11.01778766,11.24924012,11.22973834,11.352269,11.12017757,10.98971528,10.78586295,10.76402402,10.42752306,11.01707086,10.4335386,10.16475883,10.31006279,9.920138075
Norway,NOR,CO2 emissions (metric tons per capita),EN.ATM.CO2E.PC,8.834015703,9.284992238,8.378534776,9.90643602,9.287466436,9.179216926,9.495835691,9.57484966,11.67958325,11.46182886,12.2934545,9.124767216,9.940980235,11.45011884,9.270945132
Nepal,NPL,CO2 emissions (metric tons per capita),EN.ATM.CO2E.PC,0.129282276,0.135225857,0.106876799,0.113901965,0.105477444,0.120277398,0.098811563,0.099736268,0.129223796,0.162087331,0.187128275,0.202491061,0.211798007,0.237169787,0.283538526
Nauru,NRU,CO2 emissions (metric tons per capita),EN.ATM.CO2E.PC,8.403008867,8.025666534,7.639583333,6.531367504,6.518467312,6.163634566,4.36937742,4.399520096,4.423846386,4.056008044,4.389426434,4.010838222,3.924214418,4.066537289,4.021851008
New Zealand,NZL,CO2 emissions (metric tons per capita),EN.ATM.CO2E.PC,8.549394199,8.87715449,8.408514119,8.46272795,8.453612477,8.258489562,7.992808632,7.963774563,8.029041035,7.527296054,7.305005861,7.185948221,7.747276831,7.531957408,7.686575825
OECD members,OED,CO2 emissions (metric tons per capita),EN.ATM.CO2E.PC,11.05324022,10.93329922,10.91225355,11.00463012,11.05118152,10.99124189,10.89592874,10.90666875,10.63221292,9.916181257,10.15804125,9.964278019,9.754415001,9.681807397,9.523556491
Oman,OMN,CO2 emissions (metric tons per capita),EN.ATM.CO2E.PC,9.654208063,8.839968154,10.91168473,13.57951707,11.44760509,11.9036965,15.3324576,16.41001787,15.47867535,14.25745055,15.59053119,16.68986874,17.07526401,16.53740003,15.44316719
Other small states,OSS,CO2 emissions (metric tons per capita),EN.ATM.CO2E.PC,5.026929081,5.233443552,5.244953033,5.42436047,5.42649332,5.749675465,6.121088617,6.5696491,6.632554317,6.310198594,6.564310308,6.78463419,7.007403494,6.68853493,7.519311831
Pakistan,PAK,CO2 emissions (metric tons per capita),EN.ATM.CO2E.PC,0.768458119,0.764701583,0.788667608,0.804958723,0.872801659,0.887768063,0.929856974,0.991029936,0.972050346,0.950832112,0.946268168,0.929801105,0.918978434,0.904315983,0.896264105
Panama,PAN,CO2 emissions (metric tons per capita),EN.ATM.CO2E.PC,1.910735965,2.268075635,1.864202282,1.917386218,1.775436063,2.053453497,2.173017817,2.084170019,2.097205617,2.402400133,2.515310074,2.723708675,2.680559818,2.792431187,2.254311363
Peru,PER,CO2 emissions (metric tons per capita),EN.ATM.CO2E.PC,1.169087226,1.03441455,1.022016493,0.979310067,1.169484073,1.344989408,1.247832089,1.518243277,1.432002781,1.782828044,1.96073385,1.667770946,1.82602434,1.869868254,1.993485949
Philippines,PHL,CO2 emissions (metric tons per capita),EN.ATM.CO2E.PC,0.939934892,0.89187863,0.876902416,0.860220946,0.87467388,0.867379088,0.770906137,0.808236155,0.868950031,0.841111599,0.905495625,0.897333685,0.941558643,0.99642457,1.055456846
Palau,PLW,CO2 emissions (metric tons per capita),EN.ATM.CO2E.PC,13.00422425,13.03973408,12.73914376,12.84380711,12.77635831,13.07932282,13.19328403,12.94278187,12.5085525,12.07791761,12.36067416,12.28326618,12.18918008,12.27007648,12.34270409
Papua New Guinea,PNG,CO2 emissions (metric tons per capita),EN.ATM.CO2E.PC,0.478428354,0.561326046,0.594870184,0.656442053,0.728458268,0.694526383,0.665926409,0.923399974,0.706689826,0.733141685,0.670128424,0.732961333,0.683475587,0.814742393,0.814648807
Poland,POL,CO2 emissions (metric tons per capita),EN.ATM.CO2E.PC,7.822798329,7.877112224,7.712040984,7.911421984,7.97271581,7.927026686,8.362097463,8.244183742,8.258160054,7.800914342,8.313376825,8.328175875,7.879830064,7.946282506,7.517151585
Pre-demographic dividend,PRE,CO2 emissions (metric tons per capita),EN.ATM.CO2E.PC,0.389169394,0.426932896,0.441978857,0.447699684,0.503209857,0.495034363,0.457788037,0.399360555,0.441915479,0.431235884,0.466651105,0.504192971,0.523535454,0.535839629,0.536757223
Puerto Rico,PRI,CO2 emissions (metric tons per capita),EN.ATM.CO2E.PC,,,,,,,,,,,,,,,
Korea-Dem. People’s Rep.,PRK,CO2 emissions (metric tons per capita),EN.ATM.CO2E.PC,3.038151299,3.122333791,2.966386951,3.005755582,3.049253044,3.161507489,3.196057811,2.653668475,2.923034281,2.889167205,2.702279506,1.942943694,1.973809403,1.441206059,1.613596841
Portugal,PRT,CO2 emissions (metric tons per capita),EN.ATM.CO2E.PC,6.096403385,6.056037979,6.410086691,5.853135645,6.02313785,6.215165476,5.684705076,5.705207852,5.268402206,5.126323978,4.552752646,4.510827218,4.37605313,4.344029312,4.331554028
Paraguay,PRY,CO2 emissions (metric tons per capita),EN.ATM.CO2E.PC,0.695683708,0.706728265,0.70762321,0.725821379,0.716846315,0.66120593,0.677573895,0.693306363,0.736175272,0.744430376,0.820810138,0.845408397,0.828337607,0.840506114,0.870219291
West Bank and Gaza,PSE,CO2 emissions (metric tons per capita),EN.ATM.CO2E.PC,0.271057676,0.450151178,0.375598342,0.405640436,0.576681705,0.826080986,0.665291777,0.665297084,0.570947494,0.564577775,0.534014834,0.572406877,0.543675272,0.584854657,
Pacific island small states,PSS,CO2 emissions (metric tons per capita),EN.ATM.CO2E.PC,0.96145485,1.084008658,0.990563424,1.067244077,1.19010505,1.057993453,1.10613288,1.095149407,0.954460992,0.9281475,1.096408647,1.030073173,1.004216091,1.039494445,1.064149686
Post-demographic dividend,PST,CO2 emissions (metric tons per capita),EN.ATM.CO2E.PC,12.01334892,11.90853441,11.9070948,12.01589942,12.0757527,11.99890346,11.85539826,11.85542301,11.56129756,10.77538669,11.08958971,10.83341768,10.59881387,10.54176265,10.35677267
French Polynesia,PYF,CO2 emissions (metric tons per capita),EN.ATM.CO2E.PC,2.395641032,2.811731939,2.888627217,3.09888571,3.029435011,3.222648557,3.200048869,3.137988595,3.204700983,3.1895241,3.203935479,3.084790045,2.996190694,3.003012489,2.915134817
Qatar,QAT,CO2 emissions (metric tons per capita),EN.ATM.CO2E.PC,58.6393586,67.10601797,63.35447194,60.29957188,56.59083356,58.91873279,62.82353605,53.19098579,46.6721376,43.51447655,40.74201765,41.20564544,44.61792936,37.78008534,45.42323996
Romania,ROU,CO2 emissions (metric tons per capita),EN.ATM.CO2E.PC,4.040518655,4.366207979,4.47471788,4.684388286,4.517307494,4.524305495,4.876469678,4.895132266,4.692067363,4.005210952,3.922213561,4.212926221,4.074315455,3.550167079,3.516153691
Russian Federation,RUS,CO2 emissions (metric tons per capita),EN.ATM.CO2E.PC,10.62712053,10.6696034,10.71590102,11.09064748,11.12062698,11.25352867,11.66912207,11.67245657,12.01450651,11.02385623,11.69434812,12.334881,12.78497902,12.39355647,11.85752777
Rwanda,RWA,CO2 emissions (metric tons per capita),EN.ATM.CO2E.PC,0.06579461,0.063835885,0.06228939,0.059987701,0.059879992,0.05872593,0.0573555,0.058998654,0.055903024,0.057702041,0.057616483,0.063115492,0.068317457,0.072576777,0.074016446
South Asia,SAS,CO2 emissions (metric tons per capita),EN.ATM.CO2E.PC,0.851780145,0.847860958,0.847135005,0.868247088,0.900901767,0.936217114,0.982909015,1.043874776,1.134882976,1.229591391,1.207519099,1.270878874,1.362315313,1.35522147,1.461467463
Saudi Arabia,SAU,CO2 emissions (metric tons per capita),EN.ATM.CO2E.PC,14.30027275,13.95135698,14.90013762,14.50905522,17.04060396,16.63381165,17.60654664,15.35597887,16.58299927,17.58961186,18.9053425,17.70230724,19.41950578,18.06835808,19.5292718
Sudan,SDN,CO2 emissions (metric tons per capita),EN.ATM.CO2E.PC,0.159133714,0.178055693,0.220598608,0.239590405,0.29422066,0.273950845,0.291193188,0.332724015,0.341440489,0.346451108,0.345245386,0.330142237,0.300706838,0.309687395,0.299732598
Senegal,SEN,CO2 emissions (metric tons per capita),EN.ATM.CO2E.PC,0.398455815,0.427325303,0.433824209,0.46632215,0.477622832,0.516581423,0.409321364,0.436387428,0.417361598,0.365212359,0.599610304,0.629136954,0.577471339,0.596523237,0.608809117
Singapore,SGP,CO2 emissions (metric tons per capita),EN.ATM.CO2E.PC,12.16662434,11.97221516,11.3102312,7.566013727,6.833825574,7.116921432,6.997632098,4.342606098,7.466761968,11.21442253,10.96040878,8.72379742,6.846758465,10.31198193,10.30633191
Solomon Islands,SLB,CO2 emissions (metric tons per capita),EN.ATM.CO2E.PC,0.364381291,0.372018129,0.362266865,0.361144126,0.352039169,0.343377635,0.342765806,0.364512922,0.370714621,0.376591568,0.375183312,0.36696231,0.359033309,0.357906561,0.350449345
Sierra Leone,SLE,CO2 emissions (metric tons per capita),EN.ATM.CO2E.PC,0.093195513,0.11993403,0.122795133,0.125535119,0.117970769,0.096561754,0.125395559,0.106680052,0.107654007,0.103438844,0.112416392,0.135882766,0.152292538,0.172170095,0.184925702
El Salvador,SLV,CO2 emissions (metric tons per capita),EN.ATM.CO2E.PC,0.978678941,1.007096558,1.016707229,1.097360896,1.060848307,1.070486275,1.13040764,1.14709126,1.071239371,1.049801084,1.047522915,1.073590082,1.070997514,0.996713369,1.000644623
San Marino,SMR,CO2 emissions (metric tons per capita),EN.ATM.CO2E.PC,,,,,,,,,,,,,,,
Somalia,SOM,CO2 emissions (metric tons per capita),EN.ATM.CO2E.PC,0.053307232,0.054072605,0.061345646,0.060393455,0.058722876,0.057066117,0.055424186,0.055144875,0.052895892,0.051052401,0.050807075,0.048776172,0.047691373,0.046352865,0.045046723
Serbia,SRB,CO2 emissions (metric tons per capita),EN.ATM.CO2E.PC,,,,,,,7.286928854,7.106397561,7.087822517,6.308347973,6.302577983,6.803677141,6.120600182,6.265110693,5.282521917
Sub-Saharan Africa (excluding high income),SSA,CO2 emissions (metric tons per capita),EN.ATM.CO2E.PC,0.841008012,0.831667032,0.806905863,0.861283167,0.925355557,0.864804848,0.883480084,0.891007098,0.907807517,0.870710978,0.850298545,0.839824281,0.827566132,0.822666074,0.840028002
South Sudan,SSD,CO2 emissions (metric tons per capita),EN.ATM.CO2E.PC,,,,,,,,,,,,,0.123043932,0.12958768,0.129749351
Sub-Saharan Africa,SSF,CO2 emissions (metric tons per capita),EN.ATM.CO2E.PC,0.84176086,0.832492553,0.807573662,0.861943006,0.926243776,0.865613083,0.884318999,0.891707614,0.908547465,0.871235104,0.850715337,0.840118001,0.827960049,0.82300949,0.840453498
Small states,SST,CO2 emissions (metric tons per capita),EN.ATM.CO2E.PC,5.086231939,5.332641162,5.358336507,5.604953579,5.657000096,6.008649108,6.434697693,6.784766227,6.794580705,6.495612725,6.760790365,6.889462975,7.000805122,6.809865439,7.384025519
Sao Tome and Principe,STP,CO2 emissions (metric tons per capita),EN.ATM.CO2E.PC,0.34393172,0.362500177,0.404944475,0.444868304,0.482598425,0.494808199,0.529354539,0.517109031,0.505299168,0.536698026,0.566490823,0.574250559,0.621562806,0.607752145,0.59433982
Suriname,SUR,CO2 emissions (metric tons per capita),EN.ATM.CO2E.PC,4.64982959,4.958517185,3.241545284,3.161388154,3.164601017,3.197029338,3.461169486,3.460485967,3.772721626,3.845772052,4.565427302,3.704326087,4.205862474,3.534930143,3.634019433
Slovak Republic,SVK,CO2 emissions (metric tons per capita),EN.ATM.CO2E.PC,6.659329488,7.317137791,7.300020532,7.349868072,7.212801455,7.325390806,7.277962961,6.843273815,7.010558568,6.319073237,6.721959562,6.395396289,6.059022901,6.11280356,5.661581328
Slovenia,SVN,CO2 emissions (metric tons per capita),EN.ATM.CO2E.PC,7.23840366,7.611741112,7.731011817,7.772287175,7.884828934,7.931674693,8.094608116,8.049468764,8.58644121,7.491602314,7.485854369,7.350637628,7.185481044,6.869551393,6.213686845
Sweden,SWE,CO2 emissions (metric tons per capita),EN.ATM.CO2E.PC,5.562430083,5.747026066,6.434228598,6.115194532,6.062241404,5.710313512,5.459003216,5.253521937,5.328098275,4.63141136,5.547348052,5.474957121,4.942300828,4.671420785,4.478182178
Eswatini,SWZ,CO2 emissions (metric tons per capita),EN.ATM.CO2E.PC,1.11930647,1.066339089,1.041481872,0.957730055,0.940983678,0.921829179,0.906511654,0.934116514,0.946100473,0.885167383,0.862756819,0.855951971,0.96657875,0.85657624,0.928714992
Sint Maarten (Dutch part),SXM,CO2 emissions (metric tons per capita),EN.ATM.CO2E.PC,,,,,,,,,,,,,20.11345266,19.53355916,19.46132413
Seychelles,SYC,CO2 emissions (metric tons per capita),EN.ATM.CO2E.PC,7.050966955,7.812504618,6.43848166,6.644640678,8.936853592,8.320210481,8.669030733,7.546775958,7.970272322,6.006792825,4.942709146,3.900126943,4.983296151,4.484430066,5.418677963
Syrian Arab Republic,SYR,CO2 emissions (metric tons per capita),EN.ATM.CO2E.PC,3.11019717,2.909210224,2.286094179,3.116533908,2.869902336,2.767295899,2.832792448,3.385559965,3.329906217,2.993132594,2.930971337,2.727578225,2.190427547,1.839503237,1.598898459
Turks and Caicos Islands,TCA,CO2 emissions (metric tons per capita),EN.ATM.CO2E.PC,3.691675939,3.633391132,4.553812897,4.385988894,4.102445261,4.575431034,5.173757326,5.761696927,6.094874665,5.940915854,6.15228754,6.009391447,6.105824674,5.980971366,6.086487448
Chad,TCD,CO2 emissions (metric tons per capita),EN.ATM.CO2E.PC,0.021098562,0.019894813,0.018738928,0.040774062,0.038897974,0.039704246,0.039057066,0.042878111,0.045780435,0.042718173,0.043496106,0.043865596,0.048200118,0.053328683,0.053777688
East Asia & Pacific (IDA & IBRD countries),TEA,CO2 emissions (metric tons per capita),EN.ATM.CO2E.PC,2.302168263,2.359364593,2.556250537,2.942102157,3.325867924,3.668074075,3.975558699,4.241170648,4.522849602,4.749791487,5.136588056,5.688487869,5.821253522,5.845317569,5.827867179
Europe & Central Asia (IDA & IBRD countries),TEC,CO2 emissions (metric tons per capita),EN.ATM.CO2E.PC,6.923044305,6.937948739,6.968253011,7.261476056,7.333834934,7.36644107,7.648999171,7.727342148,7.833300841,7.125775793,7.592355112,7.889579095,7.95164336,7.716044877,7.39596064
Togo,TGO,CO2 emissions (metric tons per capita),EN.ATM.CO2E.PC,0.273713591,0.227404402,0.234622216,0.271382707,0.252435136,0.235507986,0.209173434,0.234790329,0.273159481,0.439659634,0.40600638,0.368935463,0.362450984,0.377480424,0.362696892
Thailand,THA,CO2 emissions (metric tons per capita),EN.ATM.CO2E.PC,2.879232989,3.062483198,3.251318602,3.478810022,3.741227066,3.782433584,3.829104127,3.813655648,3.793534164,4.001129215,4.19478194,4.12138946,4.371765415,4.403807563,4.621860032
Tajikistan,TJK,CO2 emissions (metric tons per capita),EN.ATM.CO2E.PC,0.359844954,0.362230081,0.291759,0.315578655,0.381840267,0.356311539,0.37976621,0.452197973,0.397314921,0.328286153,0.33303078,0.300737249,0.366926485,0.425539775,0.620466725
Turkmenistan,TKM,CO2 emissions (metric tons per capita),EN.ATM.CO2E.PC,8.312221014,8.342198428,8.669547866,9.579940336,9.89530633,10.16657073,10.29329588,11.50743008,11.51416255,10.05213231,11.26148537,12.07317521,12.31489744,12.43613272,12.51729534
Latin America & the Caribbean (IDA & IBRD countries),TLA,CO2 emissions (metric tons per capita),EN.ATM.CO2E.PC,2.565223005,2.591077543,2.585684268,2.616114979,2.599824061,2.703239944,2.747692893,2.762456276,2.862068646,2.765484547,2.864983989,2.894576438,2.992217172,3.005565912,3.032804906
Timor-Leste,TLS,CO2 emissions (metric tons per capita),EN.ATM.CO2E.PC,,,0.174652126,0.167921803,0.17659913,0.171474665,0.171351709,0.172163989,0.187072748,0.20819563,0.211508565,0.217131247,0.253604896,0.371540554,0.387014002
Middle East & North Africa (IDA & IBRD countries),TMN,CO2 emissions (metric tons per capita),EN.ATM.CO2E.PC,3.13484538,3.171568047,3.129387227,3.293019934,3.432213544,3.579956619,3.636029456,3.588850456,3.770654534,3.844012373,3.856528774,3.86025027,3.966159669,3.953796939,3.967544488
Tonga,TON,CO2 emissions (metric tons per capita),EN.ATM.CO2E.PC,0.972064191,0.892476499,1.035207291,1.175921194,1.095651654,1.125058145,1.262132581,1.110593316,1.174807048,1.274197907,1.126823319,0.981822007,1.013263332,1.079266672,1.143965892
South Asia (IDA & IBRD),TSA,CO2 emissions (metric tons per capita),EN.ATM.CO2E.PC,0.851780145,0.847860958,0.847135005,0.868247088,0.900901767,0.936217114,0.982909015,1.043874776,1.134882976,1.229591391,1.207519099,1.270878874,1.362315313,1.35522147,1.461467463
Sub-Saharan Africa (IDA & IBRD countries),TSS,CO2 emissions (metric tons per capita),EN.ATM.CO2E.PC,0.84176086,0.832492553,0.807573662,0.861943006,0.926243776,0.865613083,0.884318999,0.891707614,0.908547465,0.871235104,0.850715337,0.840118001,0.827960049,0.82300949,0.840453498
Trinidad and Tobago,TTO,CO2 emissions (metric tons per capita),EN.ATM.CO2E.PC,18.80084212,20.71293874,22.39795451,24.9111726,25.90556552,29.41666114,32.74891033,34.73295373,33.74358584,33.96978628,36.09293276,35.16208791,33.85500019,34.52003192,34.16324263
Tunisia,TUN,CO2 emissions (metric tons per capita),EN.ATM.CO2E.PC,2.054068084,2.127344684,2.114849306,2.137553953,2.225984744,2.243217063,2.25498071,2.341262508,2.385393342,2.355950493,2.59965793,2.417981861,2.480445624,2.511904245,2.587059584
Turkey,TUR,CO2 emissions (metric tons per capita),EN.ATM.CO2E.PC,3.417945943,3.030818158,3.157446333,3.306668817,3.364105462,3.496004,3.804564085,4.090076579,4.031511712,3.894702792,4.120214807,4.370560958,4.419487888,4.285300843,4.491479026
Tuvalu,TUV,CO2 emissions (metric tons per capita),EN.ATM.CO2E.PC,0.778556263,0.771026072,1.141774779,1.126343811,1.111885992,1.097137728,0.723488212,1.074001757,1.063926499,1.053634709,0.696420093,0.690063982,1.025734266,1.016822257,1.008525853
Tanzania,TZA,CO2 emissions (metric tons per capita),EN.ATM.CO2E.PC,0.077571471,0.089072224,0.099429793,0.102461402,0.114084492,0.139662291,0.148358699,0.140649177,0.141950648,0.132511808,0.154161892,0.170126457,0.194470623,0.220730008,0.221347372
Uganda,UGA,CO2 emissions (metric tons per capita),EN.ATM.CO2E.PC,0.059491397,0.060784975,0.060598495,0.060049683,0.063048843,0.076053411,0.085871646,0.094460608,0.100754816,0.103166875,0.1155833,0.121524015,0.112110416,0.129674909,0.134656001
Ukraine,UKR,CO2 emissions (metric tons per capita),EN.ATM.CO2E.PC,6.525618775,6.609491317,6.611440672,7.371051211,7.236767886,7.087901917,6.976804954,6.907396814,6.723649839,5.647810472,6.641349685,6.265962311,6.487602806,5.976641848,5.020747064
Upper middle income,UMC,CO2 emissions (metric tons per capita),EN.ATM.CO2E.PC,3.539215237,3.589569731,3.738370796,4.102591946,4.429799694,4.732263242,5.041364951,5.24886185,5.527811873,5.599057635,5.982705529,6.403580886,6.555613877,6.605490361,6.588135175
Uruguay,URY,CO2 emissions (metric tons per capita),EN.ATM.CO2E.PC,1.597638536,1.529798146,1.38844206,1.382717957,1.687830315,1.736680346,1.99585265,1.797408542,2.466682225,2.396863881,1.893043387,2.292941862,2.559619604,2.226235877,1.973150822
United States,USA,CO2 emissions (metric tons per capita),EN.ATM.CO2E.PC,20.17875051,19.63650507,19.61340408,19.56410453,19.65837118,19.59188523,19.09406652,19.21789784,18.46176387,17.15773779,17.44286171,16.97695728,16.3104711,16.32347679,16.50283724
Uzbekistan,UZB,CO2 emissions (metric tons per capita),EN.ATM.CO2E.PC,4.942262235,4.945160899,5.078720671,4.972777084,4.879862552,4.480783353,4.541206044,4.473745459,4.538017932,3.858171993,3.647048882,3.874800916,3.889733195,3.417442433,3.420722746
St. Vincent and the Grenadines,VCT,CO2 emissions (metric tons per capita),EN.ATM.CO2E.PC,1.359432056,1.663916361,1.72930113,1.827577296,2.026732007,2.023284043,2.020255815,2.084917513,2.082663857,2.852965136,2.012715547,1.811013252,2.314347651,1.911992316,1.91134541
Venezuela-RB,VEN,CO2 emissions (metric tons per capita),EN.ATM.CO2E.PC,6.224289682,6.917751409,7.60829582,7.426134418,5.763354322,6.163929271,6.223186002,5.806267233,6.364740177,6.289128331,6.513376914,6.00145924,6.649233468,6.066461313,6.025697582
British Virgin Islands,VGB,CO2 emissions (metric tons per capita),EN.ATM.CO2E.PC,4.973407605,5.04353806,5.280180222,5.5005,5.531165432,5.698031768,5.982555951,6.079293195,6.301671614,6.239460052,6.330774317,6.30859109,6.1740503,6.057819383,6.072833581
Virgin Islands (U.S.),VIR,CO2 emissions (metric tons per capita),EN.ATM.CO2E.PC,,,,,,,,,,,,,,,
Vietnam,VNM,CO2 emissions (metric tons per capita),EN.ATM.CO2E.PC,0.668171732,0.753511856,0.863947417,0.951895898,1.084062591,1.164096013,1.207428585,1.221015643,1.360812495,1.469012678,1.613359582,1.701422283,1.572337982,1.609111593,1.80356575
Vanuatu,VUT,CO2 emissions (metric tons per capita),EN.ATM.CO2E.PC,0.455742099,0.464937398,0.434846048,0.423900806,0.287406377,0.28023117,0.222103674,0.450137075,0.423102867,0.52434517,0.512118327,0.545795073,0.459328848,0.42009228,0.594993239
World,WLD,CO2 emissions (metric tons per capita),EN.ATM.CO2E.PC,4.033395051,4.076332705,4.083911631,4.253195371,4.409374736,4.523096952,4.630772094,4.665741644,4.756378119,4.656246053,4.828259915,4.967716837,4.996384374,4.987930702,4.970155157
Samoa,WSM,CO2 emissions (metric tons per capita),EN.ATM.CO2E.PC,0.819042437,0.835469282,0.830662242,0.866893314,0.840956254,0.896731489,0.911211857,0.945486763,0.979060188,1.011854393,1.004360785,1.074707591,1.046639957,1.038064134,1.029788341
Kosovo,XKX,CO2 emissions (metric tons per capita),EN.ATM.CO2E.PC,,,,,,,,,,,,,,,
Yemen,YEM,CO2 emissions (metric tons per capita),EN.ATM.CO2E.PC,0.819163987,0.881349702,0.833251432,0.889142767,0.943264168,0.973808147,1.007359786,0.964139106,0.999238383,1.069059495,0.992601744,0.810900295,0.749446818,0.99688497,0.864834535
South Africa,ZAF,CO2 emissions (metric tons per capita),EN.ATM.CO2E.PC,8.280764795,8.020756082,7.58381406,8.48835057,9.330795766,8.539756118,9.073199769,9.352664746,9.854218952,9.870596936,9.190698716,9.004033387,8.845033039,8.673962823,8.980119297
Zambia,ZMB,CO2 emissions (metric tons per capita),EN.ATM.CO2E.PC,0.173056761,0.176165741,0.178396946,0.18492339,0.182853857,0.18985881,0.185075705,0.151567338,0.165936264,0.186396423,0.194337299,0.205910778,0.249456851,0.26111253,0.288271141
Zimbabwe,ZWE,CO2 emissions (metric tons per capita),EN.ATM.CO2E.PC,1.139200872,1.01859752,0.957193478,0.843469121,0.74243951,0.832299256,0.796027923,0.741657876,0.573101063,0.405715639,0.552146242,0.66475077,0.529703431,0.775563675,0.779955845
